{"actual_run_time": 5.682072263909504, "cpu_pts": [10.8, 61.825, 60.925, 61.712500000000006, 60.425000000000004, 65.4625], "time_pts": [0.0, 1.082160463789478, 2.162456003949046, 3.537111476995051, 4.610189924016595, 5.682072263909504], "cpu_lat_pers": {"min": 10.8, "mean": 53.525000000000006, "max": 65.4625, "25": 60.550000000000004, "50": 61.31875, "75": 61.796875, "90": 63.643750000000004, "95": 64.55312500000001, "99": 65.280625}, "upload_bw_pts": [0, 8.993417547940527e-05, 0.0001998674946133822, 0.00010002675598177084, 2.6501263625987908e-05, 0.0001459122138919666], "download_bw_pts": [0, 0.00012130528136050844, 0.00019065595819595284, 0.0001284381974337394, 1.563084191596667e-05, 0.00013822100831494414], "avg_upload_bw": 0.00011185710603519374, "avg_download_bw": 0.00011945018961240813, "task_lat_pers": {"min": 4.949979484081268e-07, "mean": 1.9223330888957568e-06, "max": 0.0007411530241370201, "25": 1.335982233285904e-06, "50": 1.6011763364076614e-06, "75": 1.8528662621974945e-06, "90": 2.1120067685842514e-06, "95": 2.3010652512311935e-06, "99": 3.0849012546241222e-06}}